person_id,username,password_hash,is_active
1242b0a2-3e8c-5acc-94f3-34020e58d00b,auto.1242b0a2,pbkdf2_sha256$260000$7cda12d15c286215730d6bbdf56df052$10b86a6940fffad8ee1475a7899b4df8ad707bdd19b0c1c86c261fe07908175e,1
64b85a0c-c59f-5821-bf6d-0052c233f8c3,auto.64b85a0c,pbkdf2_sha256$260000$bd608023a915df0c64c534d512e60510$d38d3f3c4b665e4cec993b4687ae7434f7ea1cf42f99a0d99b4bd6f112d65186,1
a92305da-70f0-51ed-b5a2-6e15bfdc67c4,auto.a92305da,pbkdf2_sha256$260000$a11a378723c4f237b0bc395c4066dcc7$0542f0718da0e57e17d476eb9b28a6feee4f277328a5a0e3351d4550688b98ce,1
8be34c2f-6ad0-5dd0-907a-0bde10421c08,auto.8be34c2f,pbkdf2_sha256$260000$80fb7b98363e39cd1f3bb2567b5cef12$da2d454f1903e53e1528be124ecc291b0bfcc1abd2e466531246047306812758,1
1fd15e4c-b90f-572e-beed-94ba57b9f267,auto.1fd15e4c,pbkdf2_sha256$260000$d1ba1ce2f23af3d9ab382fe33f6ab6ad$2175797e072160270958550d4ca1abd87744e880a3478923da8ccac8b8fab25c,1
b4175546-a166-583a-9c2b-7c9660c878b7,auto.b4175546,pbkdf2_sha256$260000$01a64bffd58df568fcfa9194a311a512$cd6ff5d1a684d3f31c1c462ba1e723af80b6535fe07fc23b4098d92653eda23d,0
f214ad2e-a3fb-5f87-be6e-99812e2e7f35,auto.f214ad2e,pbkdf2_sha256$260000$06f8ad30845afb7413a1939e3d739538$e069214feb61e91267c809c8f6fb8836c14df23e35701a08c0ee8879eaafb12c,1
b585ec40-99b1-51c6-8577-191e94296580,auto.b585ec40,pbkdf2_sha256$260000$e214385e1783ae060f1420e8bfc1ec1f$149aeaee29eef2639fa09df5ea30757fb1cc128216de010c30df50a005c93818,0
247cfb80-d9a2-53cf-8a8a-6b5cc7c91113,auto.247cfb80,pbkdf2_sha256$260000$11d1fe74e7b7c70aa9e81439c377acc4$74adf4d1ff368f1fe97a2dfa86fd0c701d5cf51d3642259977c3d513567e59cf,1
07c02a5c-2723-57fe-babb-a97e6c628fbe,auto.07c02a5c,pbkdf2_sha256$260000$713453cb4990f09c6f34af1c53517909$8a553cd348d797b9bd91ecc3eb2f6b680ddc09133cb49fbbbae4b6df978694cf,1
1bd20811-b709-5f89-94f3-d14b5d1d4db4,auto.1bd20811,pbkdf2_sha256$260000$f73747afc639e69b19183e0fe20ae371$b00a5f2bfd680306fd068a10ab4561bcb7a202705debb64b193a47bcc49b0f89,1
d264cbdf-1122-5614-afa6-cce9f871e85b,auto.d264cbdf,pbkdf2_sha256$260000$6ae8f016610d0e5dea88d97f14fd63e1$b06d0a9728e1c3a9c534e602ebb4447328510ac9bedda082614dac2290078414,1
1859fd3d-153b-5141-971c-c15a64fe43e4,auto.1859fd3d,pbkdf2_sha256$260000$4bc5ba5fc3b80b81fb10ef347a6d58f7$10f406740938a1b215b7eee71e6449bc3439d9f384eb3430e7bccb0ca349b827,0
519fffe5-d5ce-596c-b63f-ba1b7ee56545,auto.519fffe5,pbkdf2_sha256$260000$d39a506eff92e2c28e9765fc9e295bae$783355c3b7ec558afa618cd3ee8805e43c34676f69e8dcbd2395320036ed945d,1
fac0d512-2668-5ff0-8803-81fd2780bd9f,auto.fac0d512,pbkdf2_sha256$260000$79567cf49cb2de05903a710d96485826$d7eab021e0c506bd0f00297b17c935d66d709f834b7c16c359e97554150217f1,1
cfb70f90-0ea8-5df9-8ee6-d1313319a2ca,auto.cfb70f90,pbkdf2_sha256$260000$3f71dcd029896ba9ddd0f577a5be8302$0040d68e080ea35c91261c944264bf6e4f24e4d6ebe1919b36c72e82a1f0d6ff,0
f08135e4-b136-53f8-bd29-975f7333bc64,auto.f08135e4,pbkdf2_sha256$260000$349588bd8e12d3297597603dcf62d1f7$86e00357d0dd3d4f394888ce25fe40a8486a7501449b353200550fed0250eb3b,1
705fd610-8439-536a-a261-30c22052bb5f,auto.705fd610,pbkdf2_sha256$260000$86e04b4138e3aec43eb4a1d74e872b16$c3f81789c5923e421f7afb1c27def41e31c4c0d34d7c0a9cbb300a761cc7d781,1
6e5e0759-8897-5902-b61d-cb8a2ef312ec,auto.6e5e0759,pbkdf2_sha256$260000$bd9f0688c149daaa6412a1235057f0ba$73f75bcdfb1a55b92d07341dc11ec60f564735319dd51724b9984e3071a39738,1
eaea7f20-39dd-5342-8570-b9a88b7507cc,auto.eaea7f20,pbkdf2_sha256$260000$1afed0b8bad55b778d6a5395852d9b7a$c5324550ad00be00b9b3aa69287fb486725accde27cc6fbaf840a63cf5f4fdad,0
e116d901-62a7-59d3-b98d-41946dc77c31,auto.e116d901,pbkdf2_sha256$260000$db4ba7653f92e6604bea32a73937c9e6$447839da98592f23b7779fb26ef70aa8944afa480bc3a2a8518aa8f3c14134cb,1
6252cf3a-505d-56a2-8d0c-3413ef1b1698,auto.6252cf3a,pbkdf2_sha256$260000$80166e54b39fddf047c91e14903a4506$2c1ec98cb1bb8f39889ea11a8d4f5244c44212ab2ddedd97b9b9f1326d644356,1
715f2b6e-4899-5730-adb1-f1bda373a5af,auto.715f2b6e,pbkdf2_sha256$260000$359884b06271afa1c28a9bdc04a7145a$23e9b1e27680f190002e77085b31f1e776a4ba5859ff6ce3e304ea03382908bd,1
ab9597e3-f04b-5337-b4d1-285115b2bc7f,auto.ab9597e3,pbkdf2_sha256$260000$011097fd99d9649f460f2a4dfc0bc641$29f53e0b81bf296418db50f15da37096014c2c1f4b97a3e1049bcaf1286435e3,0
9edc7162-74fa-5986-adc7-ccf28eb2a7a4,auto.9edc7162,pbkdf2_sha256$260000$9a264709f2d60d706be2187e7419e63e$05109f930176428d6667cb9167f5c1cfad91a013f880aafbeb3d08bc8fb8305f,0
59e06897-7ce0-5570-9700-40b76b842723,auto.59e06897,pbkdf2_sha256$260000$cb0049f5389229b065fcda6116273796$4dfd68bab0d62b506a811bb814f911dca36e713cbfc5802f90fed36b31fb9d0c,1
18a3dfc0-29ca-54fc-b1f2-2c1b62d4c8fc,auto.18a3dfc0,pbkdf2_sha256$260000$417e23a598d13e509bad51a02920c6a5$8d4432288d07c6365f934f7c50b4fdf547f0c32cba0dc049504eb28b71dec462,0
ff0bbe86-514b-583f-968a-831d4bfeacd2,auto.ff0bbe86,pbkdf2_sha256$260000$5b59244a154c99d151ae8b858fbe8ad4$c6445186914dd5f2163cccf66600b5c84b3ee2012a4c31d3a173bec669395d83,1
aef43d0d-0faf-587f-bfc5-3221a6ec3586,auto.aef43d0d,pbkdf2_sha256$260000$ec3706ec037ac3c2df76bda72e3c64a1$092b4137b5169da0fc25967cd4a56bf464c300558c4a3d86ab29617399725500,1
e0ec23d9-5486-5860-a0d3-7f03ca330146,auto.e0ec23d9,pbkdf2_sha256$260000$94d6f3705fa18c91ec4cb6c8ea4e9588$9b0d2dce3b0ec402ad3ccfe1814d7872b632d1c51ba2c596aff8fffcadd8635c,1
60b31bb7-e2c0-5ba4-a220-693b9cac57c6,auto.60b31bb7,pbkdf2_sha256$260000$daed9713393925ba1740e2cdab595e8c$6ca08cc214896f09bb5c826fdd6b85325fd3619cdc3962ddb6be49cb05559ada,1
b790c06b-c44f-5fd0-b081-fcfddea5dc44,auto.b790c06b,pbkdf2_sha256$260000$26021b8613b7fd2a0504ac10fa6818a9$1d1d325494403593d1ceef21c3ac78e2d3823af0a7350f59a9175d5356dbf745,1
3c039539-32ff-5d25-a1a5-fac4d2105382,auto.3c039539,pbkdf2_sha256$260000$858fbbb64c1a1df6d6abe94085a07c8c$b1c07b7a2fb216d4d197bfc5548857c64bc3e8b7ef1c8206cfbf2b34b0d4c5e1,0
63669010-fc66-5a30-bfa0-87fd01357cc3,auto.63669010,pbkdf2_sha256$260000$4a6e76acaf60b2d35da41e4f1c777c42$f9527213715485f36843a75eede1e9676a695538d030359885b7f597a49606fd,1
7ba72e07-a9dc-56f4-b742-3419b07c9998,auto.7ba72e07,pbkdf2_sha256$260000$2e5fc71ff41efdddc0137b5d78e6ad14$ff0e5df2c9de2b8eb4cffc12fa958859a784c044efc48f17d229d1b3b8bce254,0
004208f7-3379-549a-82db-78d1fd258ba1,auto.004208f7,pbkdf2_sha256$260000$dc10a519910b86c316406a884f849e25$fa2ad49ff020924daac13b26bf325db4dd8fbb44dee5b310529e497700db0c4a,1
d12304fe-813f-5919-9625-60158c404e47,auto.d12304fe,pbkdf2_sha256$260000$90ea8c8a71065426bcd15615edb07359$989c44de884f2872d7b2f3f5b1a930eac46b7ebcd6fa99ff60817591655cd1fc,1
1b2d9ee2-4cb2-5916-afd1-50e7c6eeeff0,auto.1b2d9ee2,pbkdf2_sha256$260000$c6d4658b0917ebd10b991d7287a7fbfc$5b782da334c8f302d3b4020c5f0fe14a7d5930a6771943dde7bc414a84c00dde,1
7f3fca78-62d4-5ab6-8250-302c5491f764,auto.7f3fca78,pbkdf2_sha256$260000$67a316983f2bea477782d56191d498db$1b1aaac4bd21d5397192748f011e36c5e12cc00b914bf8f8c6038915ffea1a3e,1
d7ba4b3a-7780-5191-bdd3-b60fe4df4cf5,auto.d7ba4b3a,pbkdf2_sha256$260000$0bb1166ec6b86c349d0b8cd8e2bc8ef6$d2c01433eb0b4b29f701ab5c402856f537bbd30043e62e5d2bef975845818544,1
d00a9af6-8f9f-58d1-b95f-0d413493c15a,auto.d00a9af6,pbkdf2_sha256$260000$609ec628ae1ca134e0937bc3c76a136e$34bf88f30567b3abcc480fe0c7247903cc509a4336de6b4606e1dce155a1a9d4,1
14c16c40-83bd-57c2-bc81-f9747f340a27,auto.14c16c40,pbkdf2_sha256$260000$5687a30af939931656b9b46a002c4152$79295bb420b37ac528aec4cc794f0feee96923b8daceba5ef79f221e100d17a7,1
3b36d051-09bd-562f-be83-a4de4dc90ba8,auto.3b36d051,pbkdf2_sha256$260000$ae85688ded7b42348eda3977558ed8af$5458094d3ed7919c4f15dd048b9a4ab40c0a533ce3d57e2b8ab47d7c7eed44e8,1
4b9b24d5-3ea2-51e3-80ab-55087850448c,auto.4b9b24d5,pbkdf2_sha256$260000$ddb931bcaf7043f4eacc601cc2fe0495$47c29c2ec68997f82cc1b6a6c24e047e1a3595ba30f0789fc55352cb04a29a11,1
38a6a3eb-20ca-5ce3-9ae4-f04abf42f755,auto.38a6a3eb,pbkdf2_sha256$260000$1cb23abdfd54568abbd7dff033fbd0d8$e943e95bd995870e840a482a9b66931462a93bed7731df715fecc559514d3f3c,1
14fa1c53-8b14-5dad-aae8-25df406fdf9d,auto.14fa1c53,pbkdf2_sha256$260000$d19a36aaad2a785c55323bee3655431b$07916ecf7100656bb7b828ef30c6a9821a5eb4f458494adbdbed894192e4e015,1
6e40e0d4-9317-5f8b-a812-76aa83a58168,auto.6e40e0d4,pbkdf2_sha256$260000$28c09672068318bc270d27c7451f8ae6$560397c44bbc9674acc3263b4b541c5346c4b794fcb532534861459f85bdeaa0,1
4363c83b-9068-5e9d-bb3c-7fe89b31fa11,auto.4363c83b,pbkdf2_sha256$260000$a43c31520c458afd60fce95c76c9b488$9813895ba45dab81f05bb682d6df66f4dda21006798a4672743a13808f544127,1
507574fa-e900-5004-9ada-2e115865b4c0,auto.507574fa,pbkdf2_sha256$260000$15d01e2504e8bd85183482e55f8b9bf2$46b0db2a42aa6e8918c11f5102f6618f262096c2cc6c567a837f49bcd398de8e,1
b35acdac-4a15-50db-9285-4a649fe269bf,auto.b35acdac,pbkdf2_sha256$260000$0d726dcf7ac8fa643033d1990d8fb34f$fd3618bc3bc001dc91d0574cc5450b9d819dc7847124c83a81684b97439eb1e3,0
034acf2d-622a-56fb-99ce-b940c12fe4ae,auto.034acf2d,pbkdf2_sha256$260000$477ac99ba91ebafd3384ed2755686428$3ab086a1611c679b09e619c75e7ea51ea21eaf26dbcb84bf1abaca10a6df43b7,1
57e3ea29-aafb-54e2-b343-407e503476df,auto.57e3ea29,pbkdf2_sha256$260000$2a439a98ed70177f8054b86b656e84cd$88bbf86a07f4f3526d7313c5fa8405e28db036a9e24d639b7a442b56402a95e8,1
4a2ad0d9-edd7-580e-9217-816c3efb0889,auto.4a2ad0d9,pbkdf2_sha256$260000$75770efa9ef13f6b233254284308539c$2aaad55f6dcd4192ed9f69a4e87cf921edb1ad9fa78243aedb67c28e7153d5d9,1
dd611525-4aae-55c1-a9dd-3f6bd5b04d0a,auto.dd611525,pbkdf2_sha256$260000$1fd7b9c52806654e1faa8c31b21974a0$5ee703e4abe81d4fad6b7becad162fdf594f07ed6cbe90029e11a2c3f3bd2474,1
aa746449-4012-5548-97f3-2b291839f1c5,auto.aa746449,pbkdf2_sha256$260000$055525f38fa0d15c1ad010c527a3c704$da5e14795f7772216c157937f6f8f9207027a6d2d362f2550fab491fdc352169,0
245d2f83-f6e4-5fc1-ad0a-041239077b75,auto.245d2f83,pbkdf2_sha256$260000$0da999420aa318313f2b88f13c0e3d10$e31e1c2a508a1ca1bfef3338192910b60f6d98b27b278c115963620d798212d5,1
fe7ef712-d200-5244-89d7-70e91bd4812b,auto.fe7ef712,pbkdf2_sha256$260000$2b46cefea26e838b0bf82ed574654cf1$e92c5e7703b9fcc37e361f07bd61b690f3cf0162181bdceb4503275513edaee2,1
4cbbd93a-3915-585e-a6f9-31a6d12445e6,auto.4cbbd93a,pbkdf2_sha256$260000$bdd75edcdd91c3654f98839194671563$946a2e5a623f2fcce582006533347f4f8dffebbd76df86d741df3e6be82af9ad,1
b329e0b0-1baf-5b58-93c5-12e0f5492e7e,auto.b329e0b0,pbkdf2_sha256$260000$3eab010a9b6cf34b327178f95f1eef67$fe1488c4dca8a6272c283b5a019f52981b8c9148cc5c007265c3eb0e5664ebbc,1
94aa004f-f931-58b6-874e-b933702466f9,auto.94aa004f,pbkdf2_sha256$260000$1201fa8400e7793777be84df471b4e09$ce27316b8b68464d962db0b85ee1db990db93ba501f41a529df8ba9eeee420c1,1
245bf148-4f43-58b7-9fdf-008b4c3d136f,auto.245bf148,pbkdf2_sha256$260000$0aa2e3f2131f6d428eddac2df3e0319d$435231700490a6633f19a31ba8992feee5619bce01473faedeb8c30938d0ba73,0
e8e74e30-fae6-5cc3-9742-11d1f1e53be9,auto.e8e74e30,pbkdf2_sha256$260000$9db23a61969a443ae0b3976955906629$6824e29b48f8a02cdc905ecc89c44d77c891ea13ecea64896920efe7e282e1e9,0
77a94099-ced5-593f-8f07-10b726672f44,auto.77a94099,pbkdf2_sha256$260000$794badcf0b445e9d0040c8eaadbc3f79$ab0dfb2455e64092c715f9ecea992423677e70259ca4e440ce6700baf91e99f1,1
b8f4e561-00e7-507a-9580-597a6a5d4d3a,auto.b8f4e561,pbkdf2_sha256$260000$5fb1d7a2252e12f2916b0e0843b3006b$95fe8bebad6ab0b59b8a226ccfcd3c8fddd24e8e7007fae0e44980bd8c43e6d0,0
abbbbc4e-f09a-5014-8964-d1aeae1cf8c5,auto.abbbbc4e,pbkdf2_sha256$260000$803af39dcf45c9352003158419a8003d$8091f17be51feb1b4dc02fb0b97d558bf5b7983bc8560ff0eb27def88f4157ae,1
62b753d1-e126-548a-851d-b74cfd17763c,auto.62b753d1,pbkdf2_sha256$260000$577bb97d4603d4d84ee6360977f02c65$af90867d8c4fb9c65902b6ca0f5c1a619eb42bf474a6de2078a9ea26033a40f1,1
6eaef5bb-8869-5d22-b845-8a5854b6933b,auto.6eaef5bb,pbkdf2_sha256$260000$b2faaaba8bd77689c2be1673115a64b8$7212e8c165b24cbccecf38b6d95bb19d104f78e7b8431746c73a548327cd6eaa,1
433eb38c-fc8c-5ea3-b4b6-b18a36303f54,auto.433eb38c,pbkdf2_sha256$260000$b9d48610c3a0e406db4f91f96d6af7f5$35f2dddb6c99a528131d748e08c98d5c1deb6d09728f5c8080d3832f14fde941,1
d4f18d7e-4640-59f5-b910-54cf8a0e3809,auto.d4f18d7e,pbkdf2_sha256$260000$c0ee7eae8ea4feff2d31d6c6b8a4b6c2$41cf645433b44df109db9c76612f8a75272f3e47fa514a04b64504f5a8f34164,1
c706f1a1-6934-57a9-bfb7-fee583a60ae8,auto.c706f1a1,pbkdf2_sha256$260000$c5aabcd6cbd84e838d652efd82642f03$1aed5c1104b8dc81d766f7f7e50f953bba15779b85eeaa3b34bc8ddc19b48157,1
7ed5e51e-a0f9-5805-abd6-75733a3d6354,auto.7ed5e51e,pbkdf2_sha256$260000$855a0f449f38eda0bbd2dc99724218f9$743ee1b05dc2d867b6bae8bc407b03344a4ca2ea81ebe2ae0f718eafb83fe3a9,1
19cc0c73-8c78-5d76-bb9d-ed80ce75d3e2,auto.19cc0c73,pbkdf2_sha256$260000$054d17eba6ccbee7511c0c8af1932e6d$a96055755e5ba204f8bc1dbe7dabe415f9bbc349173ca64ddb74e14b4e4d4eec,1
36c646de-fb01-59dd-82ba-c5fc732493a0,auto.36c646de,pbkdf2_sha256$260000$52e9421beff5cf429b6ed65e3bb6a513$19cafe3fd796b8f7718b42562f2637679dadccdc045076cbe471af38e3256217,1
a3cee6b3-125f-5cca-bee6-9a356a60d777,auto.a3cee6b3,pbkdf2_sha256$260000$467ab830810faa6a321fac5218426fbe$97e5e40ce30f3e8e1adf6b6cf2eba32b99cc0481932c11db7b7c0275b6852e41,1
85a126fe-a9f2-59ae-b769-6d016cd4c4a1,auto.85a126fe,pbkdf2_sha256$260000$300f3408ac9809edd4d48cc7cad0b09d$920f8cec5a0b918cdbc04e9685590a794db89f7b61aa98ebc7259e36d729c5e8,1
ae4acffa-2184-52f2-879d-ad6ac19dfb38,auto.ae4acffa,pbkdf2_sha256$260000$b80b94fe8202a0fa5a8b22df716bd734$8d446bdcaae68f405a572a59eb46a2cc602149584451e8f21cc1133c3d40fce0,1
e7212e8f-3711-57aa-8fd1-005a2ba7be18,auto.e7212e8f,pbkdf2_sha256$260000$2f0abed395307adb8fb65057e042a28f$9c16d569eb967046e3f991630e70fe8dc3a9032004b982e6d28f063e3f33e688,1
730002cc-5724-5e44-87f6-09e78ecbb264,auto.730002cc,pbkdf2_sha256$260000$2842828578ee8dba745bd6ab92b4b54e$6ee055204bc9d279f382fe6ba3f45b2d9257c690d50ba3e25314d5910c005da8,1
11e8d1c7-398b-560a-9c19-d04dfe450dc3,auto.11e8d1c7,pbkdf2_sha256$260000$fc341273077f41ab693f3e1dd5eb5238$57f61034a6527c7eea21b40530c5722c6b01b6fb6edb4ef96315564675331a6c,0
4b735f3e-3126-555c-8930-dd9e84608a37,auto.4b735f3e,pbkdf2_sha256$260000$9c1228abdf9973ef288400493f7ccfe8$7950ffe5c8d11f33b4524510886e239614f12a3dd26899030de7c4467f555244,1
1a0e8ac0-7159-5ad3-bbe6-b2986d4524f9,auto.1a0e8ac0,pbkdf2_sha256$260000$51cc0da1d05367800cefeed4624cec9b$ca9df2ed451938f30751809ca4622a9407428a904a5a9c21018e440abc0f605d,1
969d9864-33c0-504b-a4c8-beb6a9b4c40b,auto.969d9864,pbkdf2_sha256$260000$a651895338a782494fcf3c14a6257caf$defed618284d958891ce30c0cdc2cd9be549e7ecd7218ccdb97a5166452b0d66,1
bdf5946c-c4b6-528a-a929-f103e4f79cba,auto.bdf5946c,pbkdf2_sha256$260000$bcd2400f6479bfa61a207f8aa744756d$d98af9b7164e73d8ad80612b518ae071498a1a5e428597e8bc0226a9a43c2f2e,1
68645982-2df7-5a15-aa82-26ddfe201587,auto.68645982,pbkdf2_sha256$260000$600190cfcb7748b955daf0024d2d6ce7$a2dd7fbff4ad4c3e0eedf6708b9fbd9b9d5cc1dc0d69479834c768fb4fdc65c6,1
d42d8f33-0974-54ed-8e91-b45de0756580,auto.d42d8f33,pbkdf2_sha256$260000$b5e75c6ee28603129110f69c004f6920$a921377f147d4f82891d5d7ae3f3e2bc07f00ae4b7b47115873c43b79f2df17d,1
efdc5fea-7801-5014-9397-32ce76e54b0e,auto.efdc5fea,pbkdf2_sha256$260000$e3d00194a860e7329fb5455b9dcd15ec$ec279c36031a9a07ac167992d8c5292081c34d6fe897ffbdde31fa2acbccc47f,1
38791a50-b0e8-50e6-9a73-8b6ea14d9720,auto.38791a50,pbkdf2_sha256$260000$165a54ded7a843f90e8757648ccdea26$eb654367cd70e7b34c398277de4f31e906b245d17e9ef6116bde0f8931505e67,1
07eae09c-1b3a-5f29-8158-b3b86aca0107,auto.07eae09c,pbkdf2_sha256$260000$567db8bcbae0e7bb1044109461b7e95a$d1f4acb7bc339694855011f7432a315b2d6d953e4c20a9cf5beab6b71644fd40,1
2718b36f-b2ff-5ad2-985b-9144df232952,auto.2718b36f,pbkdf2_sha256$260000$b813e3262335abbb5dfa9dac0adbb2b0$123128bba5fc9eb4d16dc20c838fbae47d93e5dc22b845771d90c70eae1eecf1,1
079353eb-fefa-5d95-97bf-185b778182be,auto.079353eb,pbkdf2_sha256$260000$76421774345da8bf2cec1682f1ecae9a$5d280d983c4f232a9ba18a38d3ddc6811d7cec6aa6f6d1c85575441fa5d520a0,1
4d0150ec-3610-5eb4-a8a0-c05a0240688d,auto.4d0150ec,pbkdf2_sha256$260000$70a98db6db0e90aea532c1ecc772454e$542ed5b5801de0ff89d729f332c43b50bc3cb7fa70d4fa332583649664101c84,1
ba2e282d-562e-5927-a400-4e3fb5862272,auto.ba2e282d,pbkdf2_sha256$260000$727174ba9b31e2ae17fd12112381264f$d1dae5fc6a0e6ba35d231bb4a5d560460d29a22c4d18c1400d43dfda1c201fbb,1
20cb5661-c301-57c4-8ba5-3b7343a3c2e1,auto.20cb5661,pbkdf2_sha256$260000$2e366d83383e023959957f6061966639$d20b777173d97538e48daa54db796372cc701646d6356a93347ccd38f9376f20,1
0aaab1c1-815e-54de-83ce-e90bf6e26dd3,auto.0aaab1c1,pbkdf2_sha256$260000$cd35e426685f02dab8d7791c673718af$ed760168147e0871eafc8c5772d5c93bf939294769ab5c84c5e7ffb695c9dccb,1
21c20124-fc68-5f2a-a556-c46554b1b8f4,auto.21c20124,pbkdf2_sha256$260000$535712b0fa22ccdc66b3210beded8995$c816686fae1706fb4b6f3bb04bd7d604a8c104b1458daa13a249f84d72d36b76,1
a8130f82-d6f0-54da-bbc5-a02f18db3e16,auto.a8130f82,pbkdf2_sha256$260000$4a497133fbf6ab461dda997c40b0b3d6$d87725063a867a9ca9e6e6e7d8feb04c069056f3d687af0e43ab88dee563212c,1
32744fa5-09d8-510d-aec0-1b29975c1be7,auto.32744fa5,pbkdf2_sha256$260000$11db64bc5e9c575d79058e3943cf5f19$7d7a8b63c0b63c91d8c025d6103abf42c2ff6b4e0d5c0b772aa4ef62d7c06ea4,0
1ad1447e-5d58-5c2f-8ccc-522d0cb8d392,auto.1ad1447e,pbkdf2_sha256$260000$405f8d9f6c38fb3f30c2605366d0f287$1b57e1f36f7bba524ce1d051873807acf3ffc37d3934ca83172c5f13dd04596c,1
7330cff6-7bcb-5ed4-98fa-a95592ade3f2,auto.7330cff6,pbkdf2_sha256$260000$34b3b4a8fece4687501120dd452c9fc6$a557550a2f466d6bb48440d9c7aa9e6222ecc791e47274d207b0608a74e18896,1
4ef17c6a-a115-50ca-8c27-8e65a6aaa202,auto.4ef17c6a,pbkdf2_sha256$260000$32bc96863b6ce19ba560c4569718bee0$1a8871d66545d64f19229c2e86631d2f05abc9e1dee805560f418f9506566786,1
